title,family,filename,filepath,guide_url,endpoint,evidence,notes
현행법령(시행일) 목록 조회,law,현행법령_시행일_목록_조회.md,/mnt/data/law_open_guides_md/현행법령_시행일_목록_조회.md,https://open.law.go.kr/LSO/openApi/guideResult.do?htmlName=lsEfYdListGuide,http://www.law.go.kr/DRF/lawSearch.do?target=eflaw,direct,
현행법령(시행일) 본문 조회,law,현행법령_시행일_본문_조회.md,/mnt/data/law_open_guides_md/현행법령_시행일_본문_조회.md,https://open.law.go.kr/LSO/openApi/guideResult.do?htmlName=lsEfYdInfoGuide,http://www.law.go.kr/DRF/lawService.do?target=eflaw,direct,
현행법령(공포일) 목록 조회,law,현행법령_공포일_목록_조회.md,/mnt/data/law_open_guides_md/현행법령_공포일_목록_조회.md,https://open.law.go.kr/LSO/openApi/guideResult.do?htmlName=lsNwListGuide,http://www.law.go.kr/DRF/lawSearch.do?target=law,direct,
현행법령(공포일) 본문 조회,law,현행법령_공포일_본문_조회.md,/mnt/data/law_open_guides_md/현행법령_공포일_본문_조회.md,https://open.law.go.kr/LSO/openApi/guideResult.do?htmlName=lsNwInfoGuide,http://www.law.go.kr/DRF/lawService.do?target=law,direct,
법령 연혁 목록 조회,law,법령_연혁_목록_조회.md,/mnt/data/law_open_guides_md/법령_연혁_목록_조회.md,https://open.law.go.kr/LSO/openApi/guideResult.do?htmlName=lsHstListGuide,http://www.law.go.kr/DRF/lawSearch.do?target=lsHst,direct,
법령 연혁 본문 조회,law,법령_연혁_본문_조회.md,/mnt/data/law_open_guides_md/법령_연혁_본문_조회.md,https://open.law.go.kr/LSO/openApi/guideResult.do?htmlName=lsHstInfoGuide,http://www.law.go.kr/DRF/lawService.do?target=lsHistory,direct,
현행법령(시행일) 본문 조항호목 조회,law,현행법령_시행일_본문_조항호목_조회.md,/mnt/data/law_open_guides_md/현행법령_시행일_본문_조항호목_조회.md,https://open.law.go.kr/LSO/openApi/guideResult.do?htmlName=lsEfYdJoListGuide,http://www.law.go.kr/DRF/lawService.do?target=eflawjosub,direct,
현행법령(공포일) 본문 조항호목 조회,law,현행법령_공포일_본문_조항호목_조회.md,/mnt/data/law_open_guides_md/현행법령_공포일_본문_조항호목_조회.md,https://open.law.go.kr/LSO/openApi/guideResult.do?htmlName=lsNwJoListGuide,http://www.law.go.kr/DRF/lawService.do?target=lawjosub,direct,
영문 법령 목록 조회,law,영문_법령_목록_조회.md,/mnt/data/law_open_guides_md/영문_법령_목록_조회.md,https://open.law.go.kr/LSO/openApi/guideResult.do?htmlName=lsEngListGuide,http://www.law.go.kr/DRF/lawSearch.do?target=elaw,direct,
영문 법령 본문 조회,law,영문_법령_본문_조회.md,/mnt/data/law_open_guides_md/영문_법령_본문_조회.md,https://open.law.go.kr/LSO/openApi/guideResult.do?htmlName=lsEngInfoGuide,http://www.law.go.kr/DRF/lawService.do?target=elaw,direct,
법령 변경이력 목록 조회,law,법령_변경이력_목록_조회.md,/mnt/data/law_open_guides_md/법령_변경이력_목록_조회.md,https://open.law.go.kr/LSO/openApi/guideResult.do?htmlName=lsChgListGuide,http://www.law.go.kr/DRF/lawSearch.do?target=lsHstInf,direct,
일자별 조문 개정 이력 목록 조회,law,일자별_조문_개정_이력_목록_조회.md,/mnt/data/law_open_guides_md/일자별_조문_개정_이력_목록_조회.md,https://open.law.go.kr/LSO/openApi/guideResult.do?htmlName=lsDayJoRvsListGuide,http://www.law.go.kr/DRF/lawSearch.do?target=lsJoHstInf,direct,
조문별 변경 이력 목록 조회,law,조문별_변경_이력_목록_조회.md,/mnt/data/law_open_guides_md/조문별_변경_이력_목록_조회.md,https://open.law.go.kr/LSO/openApi/guideResult.do?htmlName=lsJoChgListGuide,http://www.law.go.kr/DRF/lawService.do?target=lsJoHstInf,direct,
법령 기준 자치법규 연계 관련 목록 조회,law,법령_기준_자치법규_연계_관련_목록_조회.md,/mnt/data/law_open_guides_md/법령_기준_자치법규_연계_관련_목록_조회.md,https://open.law.go.kr/LSO/openApi/guideResult.do?htmlName=lsOrdinConListGuide,http://www.law.go.kr/DRF/lawSearch.do?target=lnkLs | http://www.law.go.kr/DRF/lawSearch.do?target=lnkLsOrdJo | http://www.law.go.kr/DRF/lawSearch.do?target=lnkDep,direct,
법령-자치법규 연계현황 조회,law,법령-자치법규_연계현황_조회.md,/mnt/data/law_open_guides_md/법령-자치법규_연계현황_조회.md,https://open.law.go.kr/LSO/openApi/guideResult.do?htmlName=lsOrdinConGuide,http://www.law.go.kr/DRF/lawSearch.do?target=drlaw,direct,
위임법령 조회,law,위임법령_조회.md,/mnt/data/law_open_guides_md/위임법령_조회.md,https://open.law.go.kr/LSO/openApi/guideResult.do?htmlName=thdCmpInfoGuide,http://www.law.go.kr/DRF/lawService.do?target=thdCmp,inferred,"가이드 목록에는 별도 항목으로 노출되지만, 실제 요청/응답 구조는 3단 비교 본문 조회의 위임조문(knd=2) 모드와 동일한 것으로 정리했습니다."
법령 체계도 목록 조회,law,법령_체계도_목록_조회.md,/mnt/data/law_open_guides_md/법령_체계도_목록_조회.md,https://open.law.go.kr/LSO/openApi/guideResult.do?htmlName=lsStmdListGuide,http://www.law.go.kr/DRF/lawSearch.do?target=lsStmd,direct,
법령 체계도 본문 조회,law,법령_체계도_본문_조회.md,/mnt/data/law_open_guides_md/법령_체계도_본문_조회.md,https://open.law.go.kr/LSO/openApi/guideResult.do?htmlName=lsStmdInfoGuide,http://www.law.go.kr/DRF/lawService.do?target=lsStmd,direct,
신구법 목록 조회,law,신구법_목록_조회.md,/mnt/data/law_open_guides_md/신구법_목록_조회.md,https://open.law.go.kr/LSO/openApi/guideResult.do?htmlName=oldAndNewListGuide,http://www.law.go.kr/DRF/lawSearch.do?target=oldAndNew,direct,
신구법 본문 조회,law,신구법_본문_조회.md,/mnt/data/law_open_guides_md/신구법_본문_조회.md,https://open.law.go.kr/LSO/openApi/guideResult.do?htmlName=oldAndNewInfoGuide,http://www.law.go.kr/DRF/lawService.do?target=oldAndNew,direct,
3단 비교 목록 조회,law,3단_비교_목록_조회.md,/mnt/data/law_open_guides_md/3단_비교_목록_조회.md,https://open.law.go.kr/LSO/openApi/guideResult.do?htmlName=thdCmpListGuide,http://www.law.go.kr/DRF/lawSearch.do?target=thdCmp,direct,
3단 비교 본문 조회,law,3단_비교_본문_조회.md,/mnt/data/law_open_guides_md/3단_비교_본문_조회.md,https://open.law.go.kr/LSO/openApi/guideResult.do?htmlName=thdCmpInfoGuide,http://www.law.go.kr/DRF/lawService.do?target=thdCmp,direct,"knd=1은 인용조문 3단 비교, knd=2는 위임조문 3단 비교를 의미합니다."
법령명 약칭 조회,law,법령명_약칭_조회.md,/mnt/data/law_open_guides_md/법령명_약칭_조회.md,https://open.law.go.kr/LSO/openApi/guideResult.do?htmlName=lsAbrvListGuide,http://www.law.go.kr/DRF/lawSearch.do?target=lsAbrv,direct,
삭제 데이터 목록 조회,law,삭제_데이터_목록_조회.md,/mnt/data/law_open_guides_md/삭제_데이터_목록_조회.md,https://open.law.go.kr/LSO/openApi/guideResult.do?htmlName=datDelHstGuide,http://www.law.go.kr/DRF/lawSearch.do?target=delHst,direct,가이드 본문에서 요청 URL 표기와 target 설명(delHst / datDel)이 혼재되어 있습니다.
한눈보기 목록 조회,law,한눈보기_목록_조회.md,/mnt/data/law_open_guides_md/한눈보기_목록_조회.md,https://open.law.go.kr/LSO/openApi/guideResult.do?htmlName=oneViewListGuide,http://www.law.go.kr/DRF/lawSearch.do?target=oneview,direct,
한눈보기 본문 조회,law,한눈보기_본문_조회.md,/mnt/data/law_open_guides_md/한눈보기_본문_조회.md,https://open.law.go.kr/LSO/openApi/guideResult.do?htmlName=oneViewInfoGuide,http://www.law.go.kr/DRF/lawService.do?target=oneview,direct,
행정규칙 목록 조회,general,행정규칙_목록_조회.md,/mnt/data/law_open_guides_md/행정규칙_목록_조회.md,https://open.law.go.kr/LSO/openApi/guideResult.do?htmlName=admrulListGuide,http://www.law.go.kr/DRF/lawSearch.do?target=admrul,direct,
행정규칙 본문 조회,general,행정규칙_본문_조회.md,/mnt/data/law_open_guides_md/행정규칙_본문_조회.md,https://open.law.go.kr/LSO/openApi/guideResult.do?htmlName=admrulInfoGuide,http://www.law.go.kr/DRF/lawService.do?target=admrul,direct,
행정규칙 신구법 비교 목록 조회,general,행정규칙_신구법_비교_목록_조회.md,/mnt/data/law_open_guides_md/행정규칙_신구법_비교_목록_조회.md,https://open.law.go.kr/LSO/openApi/guideResult.do?htmlName=admrulOldAndNewListGuide,http://www.law.go.kr/DRF/lawSearch.do?target=admrulOldAndNew,direct,
행정규칙 신구법 비교 본문 조회,general,행정규칙_신구법_비교_본문_조회.md,/mnt/data/law_open_guides_md/행정규칙_신구법_비교_본문_조회.md,https://open.law.go.kr/LSO/openApi/guideResult.do?htmlName=admrulOldAndNewInfoGuide,http://www.law.go.kr/DRF/lawService.do?target=admrulOldAndNew,direct,
자치법규 목록 조회,general,자치법규_목록_조회.md,/mnt/data/law_open_guides_md/자치법규_목록_조회.md,https://open.law.go.kr/LSO/openApi/guideResult.do?htmlName=ordinListGuide,http://www.law.go.kr/DRF/lawSearch.do?target=ordin,direct,
자치법규 본문 조회,general,자치법규_본문_조회.md,/mnt/data/law_open_guides_md/자치법규_본문_조회.md,https://open.law.go.kr/LSO/openApi/guideResult.do?htmlName=ordinInfoGuide,http://www.law.go.kr/DRF/lawService.do?target=ordin,direct,
자치법규 기준 법령 연계 관련 목록 조회,general,자치법규_기준_법령_연계_관련_목록_조회.md,/mnt/data/law_open_guides_md/자치법규_기준_법령_연계_관련_목록_조회.md,https://open.law.go.kr/LSO/openApi/guideResult.do?htmlName=ordinLsConListGuide,http://www.law.go.kr/DRF/lawSearch.do?target=lnkOrd | http://www.law.go.kr/DRF/lawSearch.do?target=lnkLsOrd | http://www.law.go.kr/DRF/lawSearch.do?target=lnkOrg,direct,
판례 목록 조회,general,판례_목록_조회.md,/mnt/data/law_open_guides_md/판례_목록_조회.md,https://open.law.go.kr/LSO/openApi/guideResult.do?htmlName=precListGuide,http://www.law.go.kr/DRF/lawSearch.do?target=prec,direct,
판례 본문 조회,general,판례_본문_조회.md,/mnt/data/law_open_guides_md/판례_본문_조회.md,https://open.law.go.kr/LSO/openApi/guideResult.do?htmlName=precInfoGuide,http://www.law.go.kr/DRF/lawService.do?target=prec,direct,
헌재결정례 목록 조회,general,헌재결정례_목록_조회.md,/mnt/data/law_open_guides_md/헌재결정례_목록_조회.md,https://open.law.go.kr/LSO/openApi/guideResult.do?htmlName=detcListGuide,http://www.law.go.kr/DRF/lawSearch.do?target=detc,direct,
헌재결정례 본문 조회,general,헌재결정례_본문_조회.md,/mnt/data/law_open_guides_md/헌재결정례_본문_조회.md,https://open.law.go.kr/LSO/openApi/guideResult.do?htmlName=detcInfoGuide,http://www.law.go.kr/DRF/lawService.do?target=detc,direct,
법령해석례 목록 조회,general,법령해석례_목록_조회.md,/mnt/data/law_open_guides_md/법령해석례_목록_조회.md,https://open.law.go.kr/LSO/openApi/guideResult.do?htmlName=expcListGuide,http://www.law.go.kr/DRF/lawSearch.do?target=expc,direct,
법령해석례 본문 조회,general,법령해석례_본문_조회.md,/mnt/data/law_open_guides_md/법령해석례_본문_조회.md,https://open.law.go.kr/LSO/openApi/guideResult.do?htmlName=expcInfoGuide,http://www.law.go.kr/DRF/lawService.do?target=expc,direct,
행정심판례 목록 조회,general,행정심판례_목록_조회.md,/mnt/data/law_open_guides_md/행정심판례_목록_조회.md,https://open.law.go.kr/LSO/openApi/guideResult.do?htmlName=deccListGuide,http://www.law.go.kr/DRF/lawSearch.do?target=decc,direct,
행정심판례 본문 조회,general,행정심판례_본문_조회.md,/mnt/data/law_open_guides_md/행정심판례_본문_조회.md,https://open.law.go.kr/LSO/openApi/guideResult.do?htmlName=deccInfoGuide,http://www.law.go.kr/DRF/lawService.do?target=decc,direct,
위원회 결정문 목록 조회 (공정거래위원회·국민권익위원회·개인정보보호위원회),committee_group_list,위원회_결정문_목록_조회_공정거래위원회ㆍ국민권익위원회ㆍ개인정보보호위원회.md,/mnt/data/law_open_guides_md/위원회_결정문_목록_조회_공정거래위원회ㆍ국민권익위원회ㆍ개인정보보호위원회.md,https://open.law.go.kr/LSO/openApi/guideResult.do?htmlName=cmtListGuide,https://www.law.go.kr/DRF/lawSearch.do?target=ftc | https://www.law.go.kr/DRF/lawSearch.do?target=acr | https://www.law.go.kr/DRF/lawSearch.do?target=ppc,direct,공정거래위원회·국민권익위원회·개인정보보호위원회 3개 target을 하나의 가이드에서 함께 안내합니다.
위원회 결정문 본문 조회 (공정거래위원회·국민권익위원회·개인정보보호위원회),committee_group_info,위원회_결정문_본문_조회_공정거래위원회ㆍ국민권익위원회ㆍ개인정보보호위원회.md,/mnt/data/law_open_guides_md/위원회_결정문_본문_조회_공정거래위원회ㆍ국민권익위원회ㆍ개인정보보호위원회.md,https://open.law.go.kr/LSO/openApi/guideResult.do?htmlName=cmtInfoGuide,https://www.law.go.kr/DRF/lawService.do?target=ftc | https://www.law.go.kr/DRF/lawService.do?target=acr | https://www.law.go.kr/DRF/lawService.do?target=ppc,direct,공정거래위원회에는 시정권고서 영역이 함께 안내됩니다.
고용보험심사위원회 결정문 목록 조회,committee_single,고용보험심사위원회_결정문_목록_조회.md,/mnt/data/law_open_guides_md/고용보험심사위원회_결정문_목록_조회.md,https://open.law.go.kr/LSO/openApi/guideResult.do?htmlName=eiacListGuide,https://www.law.go.kr/DRF/lawSearch.do?target=eiac,pattern,노동위원회(nlrc) 대표 가이드 구조를 기준으로 동일 계열 위원회 API를 정규화했습니다.
고용보험심사위원회 결정문 본문 조회,committee_single,고용보험심사위원회_결정문_본문_조회.md,/mnt/data/law_open_guides_md/고용보험심사위원회_결정문_본문_조회.md,https://open.law.go.kr/LSO/openApi/guideResult.do?htmlName=eiacInfoGuide,https://www.law.go.kr/DRF/lawService.do?target=eiac,pattern,노동위원회(nlrc) 대표 가이드 구조를 기준으로 동일 계열 위원회 API를 정규화했습니다.
금융위원회 결정문 목록 조회,committee_single,금융위원회_결정문_목록_조회.md,/mnt/data/law_open_guides_md/금융위원회_결정문_목록_조회.md,https://open.law.go.kr/LSO/openApi/guideResult.do?htmlName=fscListGuide,https://www.law.go.kr/DRF/lawSearch.do?target=fsc,pattern,노동위원회(nlrc) 대표 가이드 구조를 기준으로 동일 계열 위원회 API를 정규화했습니다.
금융위원회 결정문 본문 조회,committee_single,금융위원회_결정문_본문_조회.md,/mnt/data/law_open_guides_md/금융위원회_결정문_본문_조회.md,https://open.law.go.kr/LSO/openApi/guideResult.do?htmlName=fscInfoGuide,https://www.law.go.kr/DRF/lawService.do?target=fsc,pattern,노동위원회(nlrc) 대표 가이드 구조를 기준으로 동일 계열 위원회 API를 정규화했습니다.
노동위원회 결정문 목록 조회,committee_single,노동위원회_결정문_목록_조회.md,/mnt/data/law_open_guides_md/노동위원회_결정문_목록_조회.md,https://open.law.go.kr/LSO/openApi/guideResult.do?htmlName=nlrcListGuide,https://www.law.go.kr/DRF/lawSearch.do?target=nlrc,direct,노동위원회(nlrc) 대표 가이드 구조를 기준으로 동일 계열 위원회 API를 정규화했습니다.
노동위원회 결정문 본문 조회,committee_single,노동위원회_결정문_본문_조회.md,/mnt/data/law_open_guides_md/노동위원회_결정문_본문_조회.md,https://open.law.go.kr/LSO/openApi/guideResult.do?htmlName=nlrcInfoGuide,https://www.law.go.kr/DRF/lawService.do?target=nlrc,direct,노동위원회(nlrc) 대표 가이드 구조를 기준으로 동일 계열 위원회 API를 정규화했습니다.
방송미디어통신위원회 결정문 목록 조회,committee_single,방송미디어통신위원회_결정문_목록_조회.md,/mnt/data/law_open_guides_md/방송미디어통신위원회_결정문_목록_조회.md,https://open.law.go.kr/LSO/openApi/guideResult.do?htmlName=kccListGuide,https://www.law.go.kr/DRF/lawSearch.do?target=kcc,direct,노동위원회(nlrc) 대표 가이드 구조를 기준으로 동일 계열 위원회 API를 정규화했습니다.
방송미디어통신위원회 결정문 본문 조회,committee_single,방송미디어통신위원회_결정문_본문_조회.md,/mnt/data/law_open_guides_md/방송미디어통신위원회_결정문_본문_조회.md,https://open.law.go.kr/LSO/openApi/guideResult.do?htmlName=kccInfoGuide,https://www.law.go.kr/DRF/lawService.do?target=kcc,direct,노동위원회(nlrc) 대표 가이드 구조를 기준으로 동일 계열 위원회 API를 정규화했습니다.
산업재해보상보험재심사위원회 결정문 목록 조회,committee_single,산업재해보상보험재심사위원회_결정문_목록_조회.md,/mnt/data/law_open_guides_md/산업재해보상보험재심사위원회_결정문_목록_조회.md,https://open.law.go.kr/LSO/openApi/guideResult.do?htmlName=iaciacListGuide,https://www.law.go.kr/DRF/lawSearch.do?target=iaciac,direct,노동위원회(nlrc) 대표 가이드 구조를 기준으로 동일 계열 위원회 API를 정규화했습니다.
산업재해보상보험재심사위원회 결정문 본문 조회,committee_single,산업재해보상보험재심사위원회_결정문_본문_조회.md,/mnt/data/law_open_guides_md/산업재해보상보험재심사위원회_결정문_본문_조회.md,https://open.law.go.kr/LSO/openApi/guideResult.do?htmlName=iaciacInfoGuide,https://www.law.go.kr/DRF/lawService.do?target=iaciac,direct,노동위원회(nlrc) 대표 가이드 구조를 기준으로 동일 계열 위원회 API를 정규화했습니다.
중앙토지수용위원회 결정문 목록 조회,committee_single,중앙토지수용위원회_결정문_목록_조회.md,/mnt/data/law_open_guides_md/중앙토지수용위원회_결정문_목록_조회.md,https://open.law.go.kr/LSO/openApi/guideResult.do?htmlName=ocltListGuide,https://www.law.go.kr/DRF/lawSearch.do?target=oclt,pattern,노동위원회(nlrc) 대표 가이드 구조를 기준으로 동일 계열 위원회 API를 정규화했습니다.
중앙토지수용위원회 결정문 본문 조회,committee_single,중앙토지수용위원회_결정문_본문_조회.md,/mnt/data/law_open_guides_md/중앙토지수용위원회_결정문_본문_조회.md,https://open.law.go.kr/LSO/openApi/guideResult.do?htmlName=ocltInfoGuide,https://www.law.go.kr/DRF/lawService.do?target=oclt,pattern,노동위원회(nlrc) 대표 가이드 구조를 기준으로 동일 계열 위원회 API를 정규화했습니다.
중앙환경분쟁조정위원회 결정문 목록 조회,committee_single,중앙환경분쟁조정위원회_결정문_목록_조회.md,/mnt/data/law_open_guides_md/중앙환경분쟁조정위원회_결정문_목록_조회.md,https://open.law.go.kr/LSO/openApi/guideResult.do?htmlName=eccListGuide,https://www.law.go.kr/DRF/lawSearch.do?target=ecc,pattern,노동위원회(nlrc) 대표 가이드 구조를 기준으로 동일 계열 위원회 API를 정규화했습니다.
중앙환경분쟁조정위원회 결정문 본문 조회,committee_single,중앙환경분쟁조정위원회_결정문_본문_조회.md,/mnt/data/law_open_guides_md/중앙환경분쟁조정위원회_결정문_본문_조회.md,https://open.law.go.kr/LSO/openApi/guideResult.do?htmlName=eccInfoGuide,https://www.law.go.kr/DRF/lawService.do?target=ecc,pattern,노동위원회(nlrc) 대표 가이드 구조를 기준으로 동일 계열 위원회 API를 정규화했습니다.
증권선물위원회 결정문 목록 조회,committee_single,증권선물위원회_결정문_목록_조회.md,/mnt/data/law_open_guides_md/증권선물위원회_결정문_목록_조회.md,https://open.law.go.kr/LSO/openApi/guideResult.do?htmlName=sfcListGuide,https://www.law.go.kr/DRF/lawSearch.do?target=sfc,pattern,노동위원회(nlrc) 대표 가이드 구조를 기준으로 동일 계열 위원회 API를 정규화했습니다.
증권선물위원회 결정문 본문 조회,committee_single,증권선물위원회_결정문_본문_조회.md,/mnt/data/law_open_guides_md/증권선물위원회_결정문_본문_조회.md,https://open.law.go.kr/LSO/openApi/guideResult.do?htmlName=sfcInfoGuide,https://www.law.go.kr/DRF/lawService.do?target=sfc,pattern,노동위원회(nlrc) 대표 가이드 구조를 기준으로 동일 계열 위원회 API를 정규화했습니다.
국가인권위원회 결정문 목록 조회,committee_single,국가인권위원회_결정문_목록_조회.md,/mnt/data/law_open_guides_md/국가인권위원회_결정문_목록_조회.md,https://open.law.go.kr/LSO/openApi/guideResult.do?htmlName=nhrckListGuide,https://www.law.go.kr/DRF/lawSearch.do?target=nhrck,direct,노동위원회(nlrc) 대표 가이드 구조를 기준으로 동일 계열 위원회 API를 정규화했습니다.
국가인권위원회 결정문 본문 조회,committee_single,국가인권위원회_결정문_본문_조회.md,/mnt/data/law_open_guides_md/국가인권위원회_결정문_본문_조회.md,https://open.law.go.kr/LSO/openApi/guideResult.do?htmlName=nhrckInfoGuide,https://www.law.go.kr/DRF/lawService.do?target=nhrck,direct,노동위원회(nlrc) 대표 가이드 구조를 기준으로 동일 계열 위원회 API를 정규화했습니다.
조약 목록 조회,general2,조약_목록_조회.md,/mnt/data/law_open_guides_md/조약_목록_조회.md,https://open.law.go.kr/LSO/openApi/guideResult.do?htmlName=trtyListGuide,http://www.law.go.kr/DRF/lawSearch.do?target=trty,direct,
조약 본문 조회,general2,조약_본문_조회.md,/mnt/data/law_open_guides_md/조약_본문_조회.md,https://open.law.go.kr/LSO/openApi/guideResult.do?htmlName=trtyInfoGuide,http://www.law.go.kr/DRF/lawService.do?target=trty,direct,
법령 별표ㆍ서식 목록 조회,general2,법령_별표ㆍ서식_목록_조회.md,/mnt/data/law_open_guides_md/법령_별표ㆍ서식_목록_조회.md,https://open.law.go.kr/LSO/openApi/guideResult.do?htmlName=lsBylListGuide,http://www.law.go.kr/DRF/lawSearch.do?target=licbyl,direct,
행정규칙 별표ㆍ서식 목록 조회,general2,행정규칙_별표ㆍ서식_목록_조회.md,/mnt/data/law_open_guides_md/행정규칙_별표ㆍ서식_목록_조회.md,https://open.law.go.kr/LSO/openApi/guideResult.do?htmlName=admrulBylListGuide,http://www.law.go.kr/DRF/lawSearch.do?target=admbyl,direct,
자치법규 별표ㆍ서식 목록 조회,general2,자치법규_별표ㆍ서식_목록_조회.md,/mnt/data/law_open_guides_md/자치법규_별표ㆍ서식_목록_조회.md,https://open.law.go.kr/LSO/openApi/guideResult.do?htmlName=ordinBylListGuide,http://www.law.go.kr/DRF/lawSearch.do?target=ordinbyl,direct,
학칙ㆍ공단ㆍ공공기관 목록 조회,general2,학칙ㆍ공단ㆍ공공기관_목록_조회.md,/mnt/data/law_open_guides_md/학칙ㆍ공단ㆍ공공기관_목록_조회.md,https://open.law.go.kr/LSO/openApi/guideResult.do?htmlName=schlPubRulListGuide,http://www.law.go.kr/DRF/lawSearch.do?target=school | http://www.law.go.kr/DRF/lawSearch.do?target=public | http://www.law.go.kr/DRF/lawSearch.do?target=pi,direct,
학칙ㆍ공단ㆍ공공기관 본문 조회,general2,학칙ㆍ공단ㆍ공공기관_본문_조회.md,/mnt/data/law_open_guides_md/학칙ㆍ공단ㆍ공공기관_본문_조회.md,https://open.law.go.kr/LSO/openApi/guideResult.do?htmlName=schlPubRulInfoGuide,http://www.law.go.kr/DRF/lawService.do?target=school | http://www.law.go.kr/DRF/lawService.do?target=public | http://www.law.go.kr/DRF/lawService.do?target=pi,direct,
법령 용어 목록 조회,general2,법령_용어_목록_조회.md,/mnt/data/law_open_guides_md/법령_용어_목록_조회.md,https://open.law.go.kr/LSO/openApi/guideResult.do?htmlName=lsTrmListGuide,http://www.law.go.kr/DRF/lawSearch.do?target=lstrm,direct,
법령 용어 본문 조회,general2,법령_용어_본문_조회.md,/mnt/data/law_open_guides_md/법령_용어_본문_조회.md,https://open.law.go.kr/LSO/openApi/guideResult.do?htmlName=lsTrmInfoGuide,http://www.law.go.kr/DRF/lawService.do?target=lstrm,direct,
모바일 법령 목록 조회,mobile,모바일_법령_목록_조회.md,/mnt/data/law_open_guides_md/모바일_법령_목록_조회.md,https://open.law.go.kr/LSO/openApi/guideResult.do?htmlName=mobLsListGuide,http://www.law.go.kr/DRF/lawSearch.do?target=law&mobileYn=Y,direct,
모바일 법령 본문 조회,mobile,모바일_법령_본문_조회.md,/mnt/data/law_open_guides_md/모바일_법령_본문_조회.md,https://open.law.go.kr/LSO/openApi/guideResult.do?htmlName=mobLsInfoGuide,http://www.law.go.kr/DRF/lawService.do?target=law&mobileYn=Y,direct,
모바일 행정규칙 목록 조회,mobile,모바일_행정규칙_목록_조회.md,/mnt/data/law_open_guides_md/모바일_행정규칙_목록_조회.md,https://open.law.go.kr/LSO/openApi/guideResult.do?htmlName=mobAdmrulListGuide,http://www.law.go.kr/DRF/lawSearch.do?target=admrul&mobileYn=Y,direct,
모바일 행정규칙 본문 조회,mobile,모바일_행정규칙_본문_조회.md,/mnt/data/law_open_guides_md/모바일_행정규칙_본문_조회.md,https://open.law.go.kr/LSO/openApi/guideResult.do?htmlName=mobAdmrulInfoGuide,http://www.law.go.kr/DRF/lawService.do?target=admrul&mobileYn=Y,direct,
모바일 자치법규 목록 조회,mobile,모바일_자치법규_목록_조회.md,/mnt/data/law_open_guides_md/모바일_자치법규_목록_조회.md,https://open.law.go.kr/LSO/openApi/guideResult.do?htmlName=mobOrdinListGuide,http://www.law.go.kr/DRF/lawSearch.do?target=ordin&mobileYn=Y,direct,
모바일 자치법규 본문 조회,mobile,모바일_자치법규_본문_조회.md,/mnt/data/law_open_guides_md/모바일_자치법규_본문_조회.md,https://open.law.go.kr/LSO/openApi/guideResult.do?htmlName=mobOrdinInfoGuide,http://www.law.go.kr/DRF/lawService.do?target=ordin&mobileYn=Y,direct,
모바일 판례 목록 조회,mobile,모바일_판례_목록_조회.md,/mnt/data/law_open_guides_md/모바일_판례_목록_조회.md,https://open.law.go.kr/LSO/openApi/guideResult.do?htmlName=mobPrecListGuide,http://www.law.go.kr/DRF/lawSearch.do?target=prec&mobileYn=Y,direct,
모바일 판례 본문 조회,mobile,모바일_판례_본문_조회.md,/mnt/data/law_open_guides_md/모바일_판례_본문_조회.md,https://open.law.go.kr/LSO/openApi/guideResult.do?htmlName=mobPrecInfoGuide,http://www.law.go.kr/DRF/lawService.do?target=prec&mobileYn=Y,direct,
모바일 헌재결정례 목록 조회,mobile,모바일_헌재결정례_목록_조회.md,/mnt/data/law_open_guides_md/모바일_헌재결정례_목록_조회.md,https://open.law.go.kr/LSO/openApi/guideResult.do?htmlName=mobDetcListGuide,http://www.law.go.kr/DRF/lawSearch.do?target=detc&mobileYn=Y,direct,
모바일 헌재결정례 본문 조회,mobile,모바일_헌재결정례_본문_조회.md,/mnt/data/law_open_guides_md/모바일_헌재결정례_본문_조회.md,https://open.law.go.kr/LSO/openApi/guideResult.do?htmlName=mobDetcInfoGuide,http://www.law.go.kr/DRF/lawService.do?target=detc&mobileYn=Y,direct,
모바일 법령해석례 목록 조회,mobile,모바일_법령해석례_목록_조회.md,/mnt/data/law_open_guides_md/모바일_법령해석례_목록_조회.md,https://open.law.go.kr/LSO/openApi/guideResult.do?htmlName=mobExpcListGuide,http://www.law.go.kr/DRF/lawSearch.do?target=expc&mobileYn=Y,direct,
모바일 법령해석례 본문 조회,mobile,모바일_법령해석례_본문_조회.md,/mnt/data/law_open_guides_md/모바일_법령해석례_본문_조회.md,https://open.law.go.kr/LSO/openApi/guideResult.do?htmlName=mobExpcInfoGuide,http://www.law.go.kr/DRF/lawService.do?target=expc&mobileYn=Y,direct,
모바일 행정심판례 목록 조회,mobile,모바일_행정심판례_목록_조회.md,/mnt/data/law_open_guides_md/모바일_행정심판례_목록_조회.md,https://open.law.go.kr/LSO/openApi/guideResult.do?htmlName=mobDeccListGuide,http://www.law.go.kr/DRF/lawSearch.do?target=decc&mobileYn=Y,direct,
모바일 행정심판례 본문 조회,mobile,모바일_행정심판례_본문_조회.md,/mnt/data/law_open_guides_md/모바일_행정심판례_본문_조회.md,https://open.law.go.kr/LSO/openApi/guideResult.do?htmlName=mobDeccInfoGuide,http://www.law.go.kr/DRF/lawService.do?target=decc&mobileYn=Y,direct,
모바일 조약 목록 조회,mobile,모바일_조약_목록_조회.md,/mnt/data/law_open_guides_md/모바일_조약_목록_조회.md,https://open.law.go.kr/LSO/openApi/guideResult.do?htmlName=mobTrtyListGuide,http://www.law.go.kr/DRF/lawSearch.do?target=trty&mobileYn=Y,direct,
모바일 조약 본문 조회,mobile,모바일_조약_본문_조회.md,/mnt/data/law_open_guides_md/모바일_조약_본문_조회.md,https://open.law.go.kr/LSO/openApi/guideResult.do?htmlName=mobTrtyInfoGuide,http://www.law.go.kr/DRF/lawService.do?target=trty&mobileYn=Y,direct,
모바일 법령 별표ㆍ서식 목록 조회,mobile,모바일_법령_별표ㆍ서식_목록_조회.md,/mnt/data/law_open_guides_md/모바일_법령_별표ㆍ서식_목록_조회.md,https://open.law.go.kr/LSO/openApi/guideResult.do?htmlName=mobLsBylListGuide,http://www.law.go.kr/DRF/lawSearch.do?target=licbyl&mobileYn=Y,direct,
모바일 행정규칙 별표ㆍ서식 목록 조회,mobile,모바일_행정규칙_별표ㆍ서식_목록_조회.md,/mnt/data/law_open_guides_md/모바일_행정규칙_별표ㆍ서식_목록_조회.md,https://open.law.go.kr/LSO/openApi/guideResult.do?htmlName=mobAdmrulBylListGuide,http://www.law.go.kr/DRF/lawSearch.do?target=admbyl&mobileYn=Y,direct,
모바일 자치법규 별표ㆍ서식 목록 조회,mobile,모바일_자치법규_별표ㆍ서식_목록_조회.md,/mnt/data/law_open_guides_md/모바일_자치법규_별표ㆍ서식_목록_조회.md,https://open.law.go.kr/LSO/openApi/guideResult.do?htmlName=mobOrdinBylListGuide,http://www.law.go.kr/DRF/lawSearch.do?target=ordinbyl&mobileYn=Y,direct,
모바일 법령 용어 목록 조회,mobile,모바일_법령_용어_목록_조회.md,/mnt/data/law_open_guides_md/모바일_법령_용어_목록_조회.md,https://open.law.go.kr/LSO/openApi/guideResult.do?htmlName=mobLsTrmListGuide,http://www.law.go.kr/DRF/lawSearch.do?target=lstrm&mobileYn=Y,direct,
맞춤형 법령 목록 조회,custom,맞춤형_법령_목록_조회.md,/mnt/data/law_open_guides_md/맞춤형_법령_목록_조회.md,https://open.law.go.kr/LSO/openApi/guideResult.do?htmlName=custLsListGuide,http://www.law.go.kr/DRF/lawSearch.do?target=couseLs,direct,
맞춤형 법령 조문 목록 조회,custom,맞춤형_법령_조문_목록_조회.md,/mnt/data/law_open_guides_md/맞춤형_법령_조문_목록_조회.md,https://open.law.go.kr/LSO/openApi/guideResult.do?htmlName=custLsJoListGuide,http://www.law.go.kr/DRF/lawSearch.do?target=couseLs&lj=jo,direct,lj=jo 옵션을 추가하여 조문 목록까지 확장 조회합니다.
맞춤형 행정규칙 목록 조회,custom,맞춤형_행정규칙_목록_조회.md,/mnt/data/law_open_guides_md/맞춤형_행정규칙_목록_조회.md,https://open.law.go.kr/LSO/openApi/guideResult.do?htmlName=custAdmrulListGuide,http://www.law.go.kr/DRF/lawSearch.do?target=couseAdmrul,direct,
맞춤형 행정규칙 조문 목록 조회,custom,맞춤형_행정규칙_조문_목록_조회.md,/mnt/data/law_open_guides_md/맞춤형_행정규칙_조문_목록_조회.md,https://open.law.go.kr/LSO/openApi/guideResult.do?htmlName=custAdmrulJoListGuide,http://www.law.go.kr/DRF/lawSearch.do?target=couseAdmrul&lj=jo,pattern,lj=jo 옵션을 추가하여 조문 목록까지 확장 조회합니다.
맞춤형 자치법규 목록 조회,custom,맞춤형_자치법규_목록_조회.md,/mnt/data/law_open_guides_md/맞춤형_자치법규_목록_조회.md,https://open.law.go.kr/LSO/openApi/guideResult.do?htmlName=custOrdinListGuide,http://www.law.go.kr/DRF/lawSearch.do?target=couseOrdin,direct,
맞춤형 자치법규 조문 목록 조회,custom,맞춤형_자치법규_조문_목록_조회.md,/mnt/data/law_open_guides_md/맞춤형_자치법규_조문_목록_조회.md,https://open.law.go.kr/LSO/openApi/guideResult.do?htmlName=custOrdinJoListGuide,http://www.law.go.kr/DRF/lawSearch.do?target=couseOrdin&lj=jo,direct,lj=jo 옵션을 추가하여 조문 목록까지 확장 조회합니다.
법령용어 조회,kb,법령용어_조회.md,/mnt/data/law_open_guides_md/법령용어_조회.md,https://open.law.go.kr/LSO/openApi/guideResult.do?htmlName=lstrmAIGuide,https://www.law.go.kr/DRF/lawSearch.do?target=lstrmAI,direct,
일상용어 조회,kb,일상용어_조회.md,/mnt/data/law_open_guides_md/일상용어_조회.md,https://open.law.go.kr/LSO/openApi/guideResult.do?htmlName=dlytrmGuide,https://www.law.go.kr/DRF/lawSearch.do?target=dlytrm,direct,
법령용어-일상용어 연계 조회,kb,법령용어-일상용어_연계_조회.md,/mnt/data/law_open_guides_md/법령용어-일상용어_연계_조회.md,https://open.law.go.kr/LSO/openApi/guideResult.do?htmlName=lstrmRltGuide,https://www.law.go.kr/DRF/lawSearch.do?target=lstrmRlt,pattern,법령정보지식베이스 API군은 target별 관계 유형만 달라지고 기본 요청/응답 구조는 유사합니다.
일상용어-법령용어 연계 조회,kb,일상용어-법령용어_연계_조회.md,/mnt/data/law_open_guides_md/일상용어-법령용어_연계_조회.md,https://open.law.go.kr/LSO/openApi/guideResult.do?htmlName=dlytrmRltGuide,https://www.law.go.kr/DRF/lawSearch.do?target=dlytrmRlt,pattern,법령정보지식베이스 API군은 target별 관계 유형만 달라지고 기본 요청/응답 구조는 유사합니다.
법령용어-조문 연계 조회,kb,법령용어-조문_연계_조회.md,/mnt/data/law_open_guides_md/법령용어-조문_연계_조회.md,https://open.law.go.kr/LSO/openApi/guideResult.do?htmlName=lstrmRltJoGuide,https://www.law.go.kr/DRF/lawSearch.do?target=lstrmRltJo,pattern,법령정보지식베이스 API군은 target별 관계 유형만 달라지고 기본 요청/응답 구조는 유사합니다.
조문-법령용어 연계 조회,kb,조문-법령용어_연계_조회.md,/mnt/data/law_open_guides_md/조문-법령용어_연계_조회.md,https://open.law.go.kr/LSO/openApi/guideResult.do?htmlName=joRltLstrmGuide,https://www.law.go.kr/DRF/lawSearch.do?target=joRltLstrm,pattern,법령정보지식베이스 API군은 target별 관계 유형만 달라지고 기본 요청/응답 구조는 유사합니다.
관련법령 조회,kb,관련법령_조회.md,/mnt/data/law_open_guides_md/관련법령_조회.md,https://open.law.go.kr/LSO/openApi/guideResult.do?htmlName=lsRltGuide,https://www.law.go.kr/DRF/lawSearch.do?target=lsRlt,pattern,법령정보지식베이스 API군은 target별 관계 유형만 달라지고 기본 요청/응답 구조는 유사합니다.
지능형 법령검색 시스템 검색 API 조회,kb,지능형_법령검색_시스템_검색_API_조회.md,/mnt/data/law_open_guides_md/지능형_법령검색_시스템_검색_API_조회.md,https://open.law.go.kr/LSO/openApi/guideResult.do?htmlName=aiSearchGuide,https://www.law.go.kr/DRF/lawSearch.do?target=aiSearch,pattern,법령정보지식베이스 API군은 target별 관계 유형만 달라지고 기본 요청/응답 구조는 유사합니다.
지능형 법령검색 시스템 연관법령 API 조회,kb,지능형_법령검색_시스템_연관법령_API_조회.md,/mnt/data/law_open_guides_md/지능형_법령검색_시스템_연관법령_API_조회.md,https://open.law.go.kr/LSO/openApi/guideResult.do?htmlName=aiRltLsGuide,https://www.law.go.kr/DRF/lawSearch.do?target=aiRltLs,pattern,법령정보지식베이스 API군은 target별 관계 유형만 달라지고 기본 요청/응답 구조는 유사합니다.
고용노동부 법령해석 목록 조회,ministry_list,고용노동부_법령해석_목록_조회.md,/mnt/data/law_open_guides_md/고용노동부_법령해석_목록_조회.md,https://open.law.go.kr/LSO/openApi/guideResult.do?htmlName=cgmExpcMoelListGuide,http://www.law.go.kr/DRF/lawSearch.do?target=moelCgmExpc,direct,가이드 구조는 중앙부처 1차 해석 API군에서 공통입니다.
고용노동부 법령해석 본문 조회,ministry_info,고용노동부_법령해석_본문_조회.md,/mnt/data/law_open_guides_md/고용노동부_법령해석_본문_조회.md,https://open.law.go.kr/LSO/openApi/guideResult.do?htmlName=cgmExpcMoelInfoGuide,http://www.law.go.kr/DRF/lawService.do?target=moelCgmExpc,direct,가이드 구조는 중앙부처 1차 해석 API군에서 공통입니다.
국토교통부 법령해석 목록 조회,ministry_list,국토교통부_법령해석_목록_조회.md,/mnt/data/law_open_guides_md/국토교통부_법령해석_목록_조회.md,https://open.law.go.kr/LSO/openApi/guideResult.do?htmlName=cgmExpcMolitListGuide,http://www.law.go.kr/DRF/lawSearch.do?target=molitCgmExpc,pattern,가이드 구조는 중앙부처 1차 해석 API군에서 공통입니다.
국토교통부 법령해석 본문 조회,ministry_info,국토교통부_법령해석_본문_조회.md,/mnt/data/law_open_guides_md/국토교통부_법령해석_본문_조회.md,https://open.law.go.kr/LSO/openApi/guideResult.do?htmlName=cgmExpcMolitInfoGuide,http://www.law.go.kr/DRF/lawService.do?target=molitCgmExpc,pattern,가이드 구조는 중앙부처 1차 해석 API군에서 공통입니다.
재정경제부 법령해석 목록 조회,ministry_list,재정경제부_법령해석_목록_조회.md,/mnt/data/law_open_guides_md/재정경제부_법령해석_목록_조회.md,https://open.law.go.kr/LSO/openApi/guideResult.do?htmlName=cgmExpcMoefListGuide,http://www.law.go.kr/DRF/lawSearch.do?target=moefCgmExpc,direct,가이드 구조는 중앙부처 1차 해석 API군에서 공통입니다.
해양수산부 법령해석 목록 조회,ministry_list,해양수산부_법령해석_목록_조회.md,/mnt/data/law_open_guides_md/해양수산부_법령해석_목록_조회.md,https://open.law.go.kr/LSO/openApi/guideResult.do?htmlName=cgmExpcMofListGuide,http://www.law.go.kr/DRF/lawSearch.do?target=mofCgmExpc,pattern,가이드 구조는 중앙부처 1차 해석 API군에서 공통입니다.
해양수산부 법령해석 본문 조회,ministry_info,해양수산부_법령해석_본문_조회.md,/mnt/data/law_open_guides_md/해양수산부_법령해석_본문_조회.md,https://open.law.go.kr/LSO/openApi/guideResult.do?htmlName=cgmExpcMofInfoGuide,http://www.law.go.kr/DRF/lawService.do?target=mofCgmExpc,pattern,가이드 구조는 중앙부처 1차 해석 API군에서 공통입니다.
행정안전부 법령해석 목록 조회,ministry_list,행정안전부_법령해석_목록_조회.md,/mnt/data/law_open_guides_md/행정안전부_법령해석_목록_조회.md,https://open.law.go.kr/LSO/openApi/guideResult.do?htmlName=cgmExpcMoisListGuide,http://www.law.go.kr/DRF/lawSearch.do?target=moisCgmExpc,direct,가이드 구조는 중앙부처 1차 해석 API군에서 공통입니다.
행정안전부 법령해석 본문 조회,ministry_info,행정안전부_법령해석_본문_조회.md,/mnt/data/law_open_guides_md/행정안전부_법령해석_본문_조회.md,https://open.law.go.kr/LSO/openApi/guideResult.do?htmlName=cgmExpcMoisInfoGuide,http://www.law.go.kr/DRF/lawService.do?target=moisCgmExpc,direct,가이드 구조는 중앙부처 1차 해석 API군에서 공통입니다.
기후에너지환경부 법령해석 목록 조회,ministry_list,기후에너지환경부_법령해석_목록_조회.md,/mnt/data/law_open_guides_md/기후에너지환경부_법령해석_목록_조회.md,https://open.law.go.kr/LSO/openApi/guideResult.do?htmlName=cgmExpcMeListGuide,http://www.law.go.kr/DRF/lawSearch.do?target=meCgmExpc,direct,가이드 구조는 중앙부처 1차 해석 API군에서 공통입니다.
기후에너지환경부 법령해석 본문 조회,ministry_info,기후에너지환경부_법령해석_본문_조회.md,/mnt/data/law_open_guides_md/기후에너지환경부_법령해석_본문_조회.md,https://open.law.go.kr/LSO/openApi/guideResult.do?htmlName=cgmExpcMeInfoGuide,http://www.law.go.kr/DRF/lawService.do?target=meCgmExpc,direct,가이드 구조는 중앙부처 1차 해석 API군에서 공통입니다.
관세청 법령해석 목록 조회,ministry_list,관세청_법령해석_목록_조회.md,/mnt/data/law_open_guides_md/관세청_법령해석_목록_조회.md,https://open.law.go.kr/LSO/openApi/guideResult.do?htmlName=cgmExpcKcsListGuide,http://www.law.go.kr/DRF/lawSearch.do?target=kcsCgmExpc,pattern,가이드 구조는 중앙부처 1차 해석 API군에서 공통입니다.
관세청 법령해석 본문 조회,ministry_info,관세청_법령해석_본문_조회.md,/mnt/data/law_open_guides_md/관세청_법령해석_본문_조회.md,https://open.law.go.kr/LSO/openApi/guideResult.do?htmlName=cgmExpcKcsInfoGuide,http://www.law.go.kr/DRF/lawService.do?target=kcsCgmExpc,pattern,가이드 구조는 중앙부처 1차 해석 API군에서 공통입니다.
국세청 법령해석 목록 조회,ministry_list,국세청_법령해석_목록_조회.md,/mnt/data/law_open_guides_md/국세청_법령해석_목록_조회.md,https://open.law.go.kr/LSO/openApi/guideResult.do?htmlName=cgmExpcNtsListGuide,http://www.law.go.kr/DRF/lawSearch.do?target=ntsCgmExpc,direct,가이드 구조는 중앙부처 1차 해석 API군에서 공통입니다.
교육부 법령해석 목록 조회,ministry_list,교육부_법령해석_목록_조회.md,/mnt/data/law_open_guides_md/교육부_법령해석_목록_조회.md,https://open.law.go.kr/LSO/openApi/guideResult.do?htmlName=cgmExpcMoeListGuide,http://www.law.go.kr/DRF/lawSearch.do?target=moeCgmExpc,pattern,가이드 구조는 중앙부처 1차 해석 API군에서 공통입니다.
교육부 법령해석 본문 조회,ministry_info,교육부_법령해석_본문_조회.md,/mnt/data/law_open_guides_md/교육부_법령해석_본문_조회.md,https://open.law.go.kr/LSO/openApi/guideResult.do?htmlName=cgmExpcMoeInfoGuide,http://www.law.go.kr/DRF/lawService.do?target=moeCgmExpc,pattern,가이드 구조는 중앙부처 1차 해석 API군에서 공통입니다.
과학기술정보통신부 법령해석 목록 조회,ministry_list,과학기술정보통신부_법령해석_목록_조회.md,/mnt/data/law_open_guides_md/과학기술정보통신부_법령해석_목록_조회.md,https://open.law.go.kr/LSO/openApi/guideResult.do?htmlName=cgmExpcMsitListGuide,http://www.law.go.kr/DRF/lawSearch.do?target=msitCgmExpc,pattern,가이드 구조는 중앙부처 1차 해석 API군에서 공통입니다.
과학기술정보통신부 법령해석 본문 조회,ministry_info,과학기술정보통신부_법령해석_본문_조회.md,/mnt/data/law_open_guides_md/과학기술정보통신부_법령해석_본문_조회.md,https://open.law.go.kr/LSO/openApi/guideResult.do?htmlName=cgmExpcMsitInfoGuide,http://www.law.go.kr/DRF/lawService.do?target=msitCgmExpc,pattern,가이드 구조는 중앙부처 1차 해석 API군에서 공통입니다.
국가보훈부 법령해석 목록 조회,ministry_list,국가보훈부_법령해석_목록_조회.md,/mnt/data/law_open_guides_md/국가보훈부_법령해석_목록_조회.md,https://open.law.go.kr/LSO/openApi/guideResult.do?htmlName=cgmExpcMpvaListGuide,http://www.law.go.kr/DRF/lawSearch.do?target=mpvaCgmExpc,direct,가이드 구조는 중앙부처 1차 해석 API군에서 공통입니다.
국가보훈부 법령해석 본문 조회,ministry_info,국가보훈부_법령해석_본문_조회.md,/mnt/data/law_open_guides_md/국가보훈부_법령해석_본문_조회.md,https://open.law.go.kr/LSO/openApi/guideResult.do?htmlName=cgmExpcMpvaInfoGuide,http://www.law.go.kr/DRF/lawService.do?target=mpvaCgmExpc,direct,가이드 구조는 중앙부처 1차 해석 API군에서 공통입니다.
국방부 법령해석 목록 조회,ministry_list,국방부_법령해석_목록_조회.md,/mnt/data/law_open_guides_md/국방부_법령해석_목록_조회.md,https://open.law.go.kr/LSO/openApi/guideResult.do?htmlName=cgmExpcMndListGuide,http://www.law.go.kr/DRF/lawSearch.do?target=mndCgmExpc,pattern,가이드 구조는 중앙부처 1차 해석 API군에서 공통입니다.
국방부 법령해석 본문 조회,ministry_info,국방부_법령해석_본문_조회.md,/mnt/data/law_open_guides_md/국방부_법령해석_본문_조회.md,https://open.law.go.kr/LSO/openApi/guideResult.do?htmlName=cgmExpcMndInfoGuide,http://www.law.go.kr/DRF/lawService.do?target=mndCgmExpc,pattern,가이드 구조는 중앙부처 1차 해석 API군에서 공통입니다.
농림축산식품부 법령해석 목록 조회,ministry_list,농림축산식품부_법령해석_목록_조회.md,/mnt/data/law_open_guides_md/농림축산식품부_법령해석_목록_조회.md,https://open.law.go.kr/LSO/openApi/guideResult.do?htmlName=cgmExpcMafraListGuide,http://www.law.go.kr/DRF/lawSearch.do?target=mafraCgmExpc,pattern,가이드 구조는 중앙부처 1차 해석 API군에서 공통입니다.
농림축산식품부 법령해석 본문 조회,ministry_info,농림축산식품부_법령해석_본문_조회.md,/mnt/data/law_open_guides_md/농림축산식품부_법령해석_본문_조회.md,https://open.law.go.kr/LSO/openApi/guideResult.do?htmlName=cgmExpcMafraInfoGuide,http://www.law.go.kr/DRF/lawService.do?target=mafraCgmExpc,pattern,가이드 구조는 중앙부처 1차 해석 API군에서 공통입니다.
문화체육관광부 법령해석 목록 조회,ministry_list,문화체육관광부_법령해석_목록_조회.md,/mnt/data/law_open_guides_md/문화체육관광부_법령해석_목록_조회.md,https://open.law.go.kr/LSO/openApi/guideResult.do?htmlName=cgmExpcMcstListGuide,http://www.law.go.kr/DRF/lawSearch.do?target=mcstCgmExpc,pattern,가이드 구조는 중앙부처 1차 해석 API군에서 공통입니다.
문화체육관광부 법령해석 본문 조회,ministry_info,문화체육관광부_법령해석_본문_조회.md,/mnt/data/law_open_guides_md/문화체육관광부_법령해석_본문_조회.md,https://open.law.go.kr/LSO/openApi/guideResult.do?htmlName=cgmExpcMcstInfoGuide,http://www.law.go.kr/DRF/lawService.do?target=mcstCgmExpc,pattern,가이드 구조는 중앙부처 1차 해석 API군에서 공통입니다.
법무부 법령해석 목록 조회,ministry_list,법무부_법령해석_목록_조회.md,/mnt/data/law_open_guides_md/법무부_법령해석_목록_조회.md,https://open.law.go.kr/LSO/openApi/guideResult.do?htmlName=cgmExpcMojListGuide,http://www.law.go.kr/DRF/lawSearch.do?target=mojCgmExpc,pattern,가이드 구조는 중앙부처 1차 해석 API군에서 공통입니다.
법무부 법령해석 본문 조회,ministry_info,법무부_법령해석_본문_조회.md,/mnt/data/law_open_guides_md/법무부_법령해석_본문_조회.md,https://open.law.go.kr/LSO/openApi/guideResult.do?htmlName=cgmExpcMojInfoGuide,http://www.law.go.kr/DRF/lawService.do?target=mojCgmExpc,pattern,가이드 구조는 중앙부처 1차 해석 API군에서 공통입니다.
보건복지부 법령해석 목록 조회,ministry_list,보건복지부_법령해석_목록_조회.md,/mnt/data/law_open_guides_md/보건복지부_법령해석_목록_조회.md,https://open.law.go.kr/LSO/openApi/guideResult.do?htmlName=cgmExpcMohwListGuide,http://www.law.go.kr/DRF/lawSearch.do?target=mohwCgmExpc,pattern,가이드 구조는 중앙부처 1차 해석 API군에서 공통입니다.
보건복지부 법령해석 본문 조회,ministry_info,보건복지부_법령해석_본문_조회.md,/mnt/data/law_open_guides_md/보건복지부_법령해석_본문_조회.md,https://open.law.go.kr/LSO/openApi/guideResult.do?htmlName=cgmExpcMohwInfoGuide,http://www.law.go.kr/DRF/lawService.do?target=mohwCgmExpc,pattern,가이드 구조는 중앙부처 1차 해석 API군에서 공통입니다.
산업통상부 법령해석 목록 조회,ministry_list,산업통상부_법령해석_목록_조회.md,/mnt/data/law_open_guides_md/산업통상부_법령해석_목록_조회.md,https://open.law.go.kr/LSO/openApi/guideResult.do?htmlName=cgmExpcMotieListGuide,http://www.law.go.kr/DRF/lawSearch.do?target=motieCgmExpc,pattern,가이드 구조는 중앙부처 1차 해석 API군에서 공통입니다.
산업통상부 법령해석 본문 조회,ministry_info,산업통상부_법령해석_본문_조회.md,/mnt/data/law_open_guides_md/산업통상부_법령해석_본문_조회.md,https://open.law.go.kr/LSO/openApi/guideResult.do?htmlName=cgmExpcMotieInfoGuide,http://www.law.go.kr/DRF/lawService.do?target=motieCgmExpc,pattern,가이드 구조는 중앙부처 1차 해석 API군에서 공통입니다.
성평등가족부 법령해석 목록 조회,ministry_list,성평등가족부_법령해석_목록_조회.md,/mnt/data/law_open_guides_md/성평등가족부_법령해석_목록_조회.md,https://open.law.go.kr/LSO/openApi/guideResult.do?htmlName=cgmExpcMogefListGuide,http://www.law.go.kr/DRF/lawSearch.do?target=mogefCgmExpc,direct,가이드 구조는 중앙부처 1차 해석 API군에서 공통입니다.
성평등가족부 법령해석 본문 조회,ministry_info,성평등가족부_법령해석_본문_조회.md,/mnt/data/law_open_guides_md/성평등가족부_법령해석_본문_조회.md,https://open.law.go.kr/LSO/openApi/guideResult.do?htmlName=cgmExpcMogefInfoGuide,http://www.law.go.kr/DRF/lawService.do?target=mogefCgmExpc,direct,가이드 구조는 중앙부처 1차 해석 API군에서 공통입니다.
외교부 법령해석 목록 조회,ministry_list,외교부_법령해석_목록_조회.md,/mnt/data/law_open_guides_md/외교부_법령해석_목록_조회.md,https://open.law.go.kr/LSO/openApi/guideResult.do?htmlName=cgmExpcMofaListGuide,http://www.law.go.kr/DRF/lawSearch.do?target=mofaCgmExpc,pattern,가이드 구조는 중앙부처 1차 해석 API군에서 공통입니다.
외교부 법령해석 본문 조회,ministry_info,외교부_법령해석_본문_조회.md,/mnt/data/law_open_guides_md/외교부_법령해석_본문_조회.md,https://open.law.go.kr/LSO/openApi/guideResult.do?htmlName=cgmExpcMofaInfoGuide,http://www.law.go.kr/DRF/lawService.do?target=mofaCgmExpc,pattern,가이드 구조는 중앙부처 1차 해석 API군에서 공통입니다.
중소벤처기업부 법령해석 목록 조회,ministry_list,중소벤처기업부_법령해석_목록_조회.md,/mnt/data/law_open_guides_md/중소벤처기업부_법령해석_목록_조회.md,https://open.law.go.kr/LSO/openApi/guideResult.do?htmlName=cgmExpcMssListGuide,http://www.law.go.kr/DRF/lawSearch.do?target=mssCgmExpc,pattern,가이드 구조는 중앙부처 1차 해석 API군에서 공통입니다.
중소벤처기업부 법령해석 본문 조회,ministry_info,중소벤처기업부_법령해석_본문_조회.md,/mnt/data/law_open_guides_md/중소벤처기업부_법령해석_본문_조회.md,https://open.law.go.kr/LSO/openApi/guideResult.do?htmlName=cgmExpcMssInfoGuide,http://www.law.go.kr/DRF/lawService.do?target=mssCgmExpc,pattern,가이드 구조는 중앙부처 1차 해석 API군에서 공통입니다.
통일부 법령해석 목록 조회,ministry_list,통일부_법령해석_목록_조회.md,/mnt/data/law_open_guides_md/통일부_법령해석_목록_조회.md,https://open.law.go.kr/LSO/openApi/guideResult.do?htmlName=cgmExpcMouListGuide,http://www.law.go.kr/DRF/lawSearch.do?target=mouCgmExpc,pattern,가이드 구조는 중앙부처 1차 해석 API군에서 공통입니다.
통일부 법령해석 본문 조회,ministry_info,통일부_법령해석_본문_조회.md,/mnt/data/law_open_guides_md/통일부_법령해석_본문_조회.md,https://open.law.go.kr/LSO/openApi/guideResult.do?htmlName=cgmExpcMouInfoGuide,http://www.law.go.kr/DRF/lawService.do?target=mouCgmExpc,pattern,가이드 구조는 중앙부처 1차 해석 API군에서 공통입니다.
법제처 법령해석 목록 조회,ministry_list,법제처_법령해석_목록_조회.md,/mnt/data/law_open_guides_md/법제처_법령해석_목록_조회.md,https://open.law.go.kr/LSO/openApi/guideResult.do?htmlName=cgmExpcMolegListGuide,http://www.law.go.kr/DRF/lawSearch.do?target=molegCgmExpc,pattern,가이드 구조는 중앙부처 1차 해석 API군에서 공통입니다.
법제처 법령해석 본문 조회,ministry_info,법제처_법령해석_본문_조회.md,/mnt/data/law_open_guides_md/법제처_법령해석_본문_조회.md,https://open.law.go.kr/LSO/openApi/guideResult.do?htmlName=cgmExpcMolegInfoGuide,http://www.law.go.kr/DRF/lawService.do?target=molegCgmExpc,pattern,가이드 구조는 중앙부처 1차 해석 API군에서 공통입니다.
식품의약품안전처 법령해석 목록 조회,ministry_list,식품의약품안전처_법령해석_목록_조회.md,/mnt/data/law_open_guides_md/식품의약품안전처_법령해석_목록_조회.md,https://open.law.go.kr/LSO/openApi/guideResult.do?htmlName=cgmExpcMfdsListGuide,http://www.law.go.kr/DRF/lawSearch.do?target=mfdsCgmExpc,pattern,가이드 구조는 중앙부처 1차 해석 API군에서 공통입니다.
식품의약품안전처 법령해석 본문 조회,ministry_info,식품의약품안전처_법령해석_본문_조회.md,/mnt/data/law_open_guides_md/식품의약품안전처_법령해석_본문_조회.md,https://open.law.go.kr/LSO/openApi/guideResult.do?htmlName=cgmExpcMfdsInfoGuide,http://www.law.go.kr/DRF/lawService.do?target=mfdsCgmExpc,pattern,가이드 구조는 중앙부처 1차 해석 API군에서 공통입니다.
인사혁신처 법령해석 목록 조회,ministry_list,인사혁신처_법령해석_목록_조회.md,/mnt/data/law_open_guides_md/인사혁신처_법령해석_목록_조회.md,https://open.law.go.kr/LSO/openApi/guideResult.do?htmlName=cgmExpcMpmListGuide,http://www.law.go.kr/DRF/lawSearch.do?target=mpmCgmExpc,pattern,가이드 구조는 중앙부처 1차 해석 API군에서 공통입니다.
인사혁신처 법령해석 본문 조회,ministry_info,인사혁신처_법령해석_본문_조회.md,/mnt/data/law_open_guides_md/인사혁신처_법령해석_본문_조회.md,https://open.law.go.kr/LSO/openApi/guideResult.do?htmlName=cgmExpcMpmInfoGuide,http://www.law.go.kr/DRF/lawService.do?target=mpmCgmExpc,pattern,가이드 구조는 중앙부처 1차 해석 API군에서 공통입니다.
기상청 법령해석 목록 조회,ministry_list,기상청_법령해석_목록_조회.md,/mnt/data/law_open_guides_md/기상청_법령해석_목록_조회.md,https://open.law.go.kr/LSO/openApi/guideResult.do?htmlName=cgmExpcKmaListGuide,http://www.law.go.kr/DRF/lawSearch.do?target=kmaCgmExpc,pattern,가이드 구조는 중앙부처 1차 해석 API군에서 공통입니다.
기상청 법령해석 본문 조회,ministry_info,기상청_법령해석_본문_조회.md,/mnt/data/law_open_guides_md/기상청_법령해석_본문_조회.md,https://open.law.go.kr/LSO/openApi/guideResult.do?htmlName=cgmExpcKmaInfoGuide,http://www.law.go.kr/DRF/lawService.do?target=kmaCgmExpc,pattern,가이드 구조는 중앙부처 1차 해석 API군에서 공통입니다.
국가유산청 법령해석 목록 조회,ministry_list,국가유산청_법령해석_목록_조회.md,/mnt/data/law_open_guides_md/국가유산청_법령해석_목록_조회.md,https://open.law.go.kr/LSO/openApi/guideResult.do?htmlName=cgmExpcKhsListGuide,http://www.law.go.kr/DRF/lawSearch.do?target=khsCgmExpc,direct,가이드 구조는 중앙부처 1차 해석 API군에서 공통입니다.
국가유산청 법령해석 본문 조회,ministry_info,국가유산청_법령해석_본문_조회.md,/mnt/data/law_open_guides_md/국가유산청_법령해석_본문_조회.md,https://open.law.go.kr/LSO/openApi/guideResult.do?htmlName=cgmExpcKhsInfoGuide,http://www.law.go.kr/DRF/lawService.do?target=khsCgmExpc,direct,가이드 구조는 중앙부처 1차 해석 API군에서 공통입니다.
농촌진흥청 법령해석 목록 조회,ministry_list,농촌진흥청_법령해석_목록_조회.md,/mnt/data/law_open_guides_md/농촌진흥청_법령해석_목록_조회.md,https://open.law.go.kr/LSO/openApi/guideResult.do?htmlName=cgmExpcRdaListGuide,http://www.law.go.kr/DRF/lawSearch.do?target=rdaCgmExpc,pattern,가이드 구조는 중앙부처 1차 해석 API군에서 공통입니다.
농촌진흥청 법령해석 본문 조회,ministry_info,농촌진흥청_법령해석_본문_조회.md,/mnt/data/law_open_guides_md/농촌진흥청_법령해석_본문_조회.md,https://open.law.go.kr/LSO/openApi/guideResult.do?htmlName=cgmExpcRdaInfoGuide,http://www.law.go.kr/DRF/lawService.do?target=rdaCgmExpc,pattern,가이드 구조는 중앙부처 1차 해석 API군에서 공통입니다.
경찰청 법령해석 목록 조회,ministry_list,경찰청_법령해석_목록_조회.md,/mnt/data/law_open_guides_md/경찰청_법령해석_목록_조회.md,https://open.law.go.kr/LSO/openApi/guideResult.do?htmlName=cgmExpcNpaListGuide,http://www.law.go.kr/DRF/lawSearch.do?target=npaCgmExpc,pattern,가이드 구조는 중앙부처 1차 해석 API군에서 공통입니다.
경찰청 법령해석 본문 조회,ministry_info,경찰청_법령해석_본문_조회.md,/mnt/data/law_open_guides_md/경찰청_법령해석_본문_조회.md,https://open.law.go.kr/LSO/openApi/guideResult.do?htmlName=cgmExpcNpaInfoGuide,http://www.law.go.kr/DRF/lawService.do?target=npaCgmExpc,pattern,가이드 구조는 중앙부처 1차 해석 API군에서 공통입니다.
방위사업청 법령해석 목록 조회,ministry_list,방위사업청_법령해석_목록_조회.md,/mnt/data/law_open_guides_md/방위사업청_법령해석_목록_조회.md,https://open.law.go.kr/LSO/openApi/guideResult.do?htmlName=cgmExpcDapaListGuide,http://www.law.go.kr/DRF/lawSearch.do?target=dapaCgmExpc,pattern,가이드 구조는 중앙부처 1차 해석 API군에서 공통입니다.
방위사업청 법령해석 본문 조회,ministry_info,방위사업청_법령해석_본문_조회.md,/mnt/data/law_open_guides_md/방위사업청_법령해석_본문_조회.md,https://open.law.go.kr/LSO/openApi/guideResult.do?htmlName=cgmExpcDapaInfoGuide,http://www.law.go.kr/DRF/lawService.do?target=dapaCgmExpc,pattern,가이드 구조는 중앙부처 1차 해석 API군에서 공통입니다.
병무청 법령해석 목록 조회,ministry_list,병무청_법령해석_목록_조회.md,/mnt/data/law_open_guides_md/병무청_법령해석_목록_조회.md,https://open.law.go.kr/LSO/openApi/guideResult.do?htmlName=cgmExpcMmaListGuide,http://www.law.go.kr/DRF/lawSearch.do?target=mmaCgmExpc,pattern,가이드 구조는 중앙부처 1차 해석 API군에서 공통입니다.
병무청 법령해석 본문 조회,ministry_info,병무청_법령해석_본문_조회.md,/mnt/data/law_open_guides_md/병무청_법령해석_본문_조회.md,https://open.law.go.kr/LSO/openApi/guideResult.do?htmlName=cgmExpcMmaInfoGuide,http://www.law.go.kr/DRF/lawService.do?target=mmaCgmExpc,pattern,가이드 구조는 중앙부처 1차 해석 API군에서 공통입니다.
산림청 법령해석 목록 조회,ministry_list,산림청_법령해석_목록_조회.md,/mnt/data/law_open_guides_md/산림청_법령해석_목록_조회.md,https://open.law.go.kr/LSO/openApi/guideResult.do?htmlName=cgmExpcKfsListGuide,http://www.law.go.kr/DRF/lawSearch.do?target=kfsCgmExpc,pattern,가이드 구조는 중앙부처 1차 해석 API군에서 공통입니다.
산림청 법령해석 본문 조회,ministry_info,산림청_법령해석_본문_조회.md,/mnt/data/law_open_guides_md/산림청_법령해석_본문_조회.md,https://open.law.go.kr/LSO/openApi/guideResult.do?htmlName=cgmExpcKfsInfoGuide,http://www.law.go.kr/DRF/lawService.do?target=kfsCgmExpc,pattern,가이드 구조는 중앙부처 1차 해석 API군에서 공통입니다.
소방청 법령해석 목록 조회,ministry_list,소방청_법령해석_목록_조회.md,/mnt/data/law_open_guides_md/소방청_법령해석_목록_조회.md,https://open.law.go.kr/LSO/openApi/guideResult.do?htmlName=cgmExpcNfaListGuide,http://www.law.go.kr/DRF/lawSearch.do?target=nfaCgmExpc,pattern,가이드 구조는 중앙부처 1차 해석 API군에서 공통입니다.
소방청 법령해석 본문 조회,ministry_info,소방청_법령해석_본문_조회.md,/mnt/data/law_open_guides_md/소방청_법령해석_본문_조회.md,https://open.law.go.kr/LSO/openApi/guideResult.do?htmlName=cgmExpcNfaInfoGuide,http://www.law.go.kr/DRF/lawService.do?target=nfaCgmExpc,pattern,가이드 구조는 중앙부처 1차 해석 API군에서 공통입니다.
재외동포청 법령해석 목록 조회,ministry_list,재외동포청_법령해석_목록_조회.md,/mnt/data/law_open_guides_md/재외동포청_법령해석_목록_조회.md,https://open.law.go.kr/LSO/openApi/guideResult.do?htmlName=cgmExpcOkaListGuide,http://www.law.go.kr/DRF/lawSearch.do?target=okaCgmExpc,direct,가이드 구조는 중앙부처 1차 해석 API군에서 공통입니다.
재외동포청 법령해석 본문 조회,ministry_info,재외동포청_법령해석_본문_조회.md,/mnt/data/law_open_guides_md/재외동포청_법령해석_본문_조회.md,https://open.law.go.kr/LSO/openApi/guideResult.do?htmlName=cgmExpcOkaInfoGuide,http://www.law.go.kr/DRF/lawService.do?target=okaCgmExpc,direct,가이드 구조는 중앙부처 1차 해석 API군에서 공통입니다.
조달청 법령해석 목록 조회,ministry_list,조달청_법령해석_목록_조회.md,/mnt/data/law_open_guides_md/조달청_법령해석_목록_조회.md,https://open.law.go.kr/LSO/openApi/guideResult.do?htmlName=cgmExpcPpsListGuide,http://www.law.go.kr/DRF/lawSearch.do?target=ppsCgmExpc,pattern,가이드 구조는 중앙부처 1차 해석 API군에서 공통입니다.
조달청 법령해석 본문 조회,ministry_info,조달청_법령해석_본문_조회.md,/mnt/data/law_open_guides_md/조달청_법령해석_본문_조회.md,https://open.law.go.kr/LSO/openApi/guideResult.do?htmlName=cgmExpcPpsInfoGuide,http://www.law.go.kr/DRF/lawService.do?target=ppsCgmExpc,pattern,가이드 구조는 중앙부처 1차 해석 API군에서 공통입니다.
질병관리청 법령해석 목록 조회,ministry_list,질병관리청_법령해석_목록_조회.md,/mnt/data/law_open_guides_md/질병관리청_법령해석_목록_조회.md,https://open.law.go.kr/LSO/openApi/guideResult.do?htmlName=cgmExpcKdcaListGuide,http://www.law.go.kr/DRF/lawSearch.do?target=kdcaCgmExpc,pattern,가이드 구조는 중앙부처 1차 해석 API군에서 공통입니다.
질병관리청 법령해석 본문 조회,ministry_info,질병관리청_법령해석_본문_조회.md,/mnt/data/law_open_guides_md/질병관리청_법령해석_본문_조회.md,https://open.law.go.kr/LSO/openApi/guideResult.do?htmlName=cgmExpcKdcaInfoGuide,http://www.law.go.kr/DRF/lawService.do?target=kdcaCgmExpc,pattern,가이드 구조는 중앙부처 1차 해석 API군에서 공통입니다.
국가데이터처 법령해석 목록 조회,ministry_list,국가데이터처_법령해석_목록_조회.md,/mnt/data/law_open_guides_md/국가데이터처_법령해석_목록_조회.md,https://open.law.go.kr/LSO/openApi/guideResult.do?htmlName=cgmExpcKostatListGuide,http://www.law.go.kr/DRF/lawSearch.do?target=kostatCgmExpc,direct,가이드 구조는 중앙부처 1차 해석 API군에서 공통입니다.
국가데이터처 법령해석 본문 조회,ministry_info,국가데이터처_법령해석_본문_조회.md,/mnt/data/law_open_guides_md/국가데이터처_법령해석_본문_조회.md,https://open.law.go.kr/LSO/openApi/guideResult.do?htmlName=cgmExpcKostatInfoGuide,http://www.law.go.kr/DRF/lawService.do?target=kostatCgmExpc,direct,가이드 구조는 중앙부처 1차 해석 API군에서 공통입니다.
지식재산처 법령해석 목록 조회,ministry_list,지식재산처_법령해석_목록_조회.md,/mnt/data/law_open_guides_md/지식재산처_법령해석_목록_조회.md,https://open.law.go.kr/LSO/openApi/guideResult.do?htmlName=cgmExpcKipoListGuide,http://www.law.go.kr/DRF/lawSearch.do?target=kipoCgmExpc,direct,가이드 구조는 중앙부처 1차 해석 API군에서 공통입니다.
지식재산처 법령해석 본문 조회,ministry_info,지식재산처_법령해석_본문_조회.md,/mnt/data/law_open_guides_md/지식재산처_법령해석_본문_조회.md,https://open.law.go.kr/LSO/openApi/guideResult.do?htmlName=cgmExpcKipoInfoGuide,http://www.law.go.kr/DRF/lawService.do?target=kipoCgmExpc,direct,가이드 구조는 중앙부처 1차 해석 API군에서 공통입니다.
해양경찰청 법령해석 목록 조회,ministry_list,해양경찰청_법령해석_목록_조회.md,/mnt/data/law_open_guides_md/해양경찰청_법령해석_목록_조회.md,https://open.law.go.kr/LSO/openApi/guideResult.do?htmlName=cgmExpcKcgListGuide,http://www.law.go.kr/DRF/lawSearch.do?target=kcgCgmExpc,pattern,가이드 구조는 중앙부처 1차 해석 API군에서 공통입니다.
해양경찰청 법령해석 본문 조회,ministry_info,해양경찰청_법령해석_본문_조회.md,/mnt/data/law_open_guides_md/해양경찰청_법령해석_본문_조회.md,https://open.law.go.kr/LSO/openApi/guideResult.do?htmlName=cgmExpcKcgInfoGuide,http://www.law.go.kr/DRF/lawService.do?target=kcgCgmExpc,pattern,가이드 구조는 중앙부처 1차 해석 API군에서 공통입니다.
행정중심복합도시건설청 법령해석 목록 조회,ministry_list,행정중심복합도시건설청_법령해석_목록_조회.md,/mnt/data/law_open_guides_md/행정중심복합도시건설청_법령해석_목록_조회.md,https://open.law.go.kr/LSO/openApi/guideResult.do?htmlName=cgmExpcNaaccListGuide,http://www.law.go.kr/DRF/lawSearch.do?target=naaccCgmExpc,pattern,가이드 구조는 중앙부처 1차 해석 API군에서 공통입니다.
행정중심복합도시건설청 법령해석 본문 조회,ministry_info,행정중심복합도시건설청_법령해석_본문_조회.md,/mnt/data/law_open_guides_md/행정중심복합도시건설청_법령해석_본문_조회.md,https://open.law.go.kr/LSO/openApi/guideResult.do?htmlName=cgmExpcNaaccInfoGuide,http://www.law.go.kr/DRF/lawService.do?target=naaccCgmExpc,pattern,가이드 구조는 중앙부처 1차 해석 API군에서 공통입니다.
조세심판원 특별행정심판례 목록 조회,special,조세심판원_특별행정심판례_목록_조회.md,/mnt/data/law_open_guides_md/조세심판원_특별행정심판례_목록_조회.md,https://open.law.go.kr/LSO/openApi/guideResult.do?htmlName=specialDeccTtListGuide,http://www.law.go.kr/DRF/lawSearch.do?target=ttSpecialDecc,direct,조세심판원 대표 가이드 구조를 기준으로 특별행정심판 계열 API를 정규화했습니다.
조세심판원 특별행정심판례 본문 조회,special,조세심판원_특별행정심판례_본문_조회.md,/mnt/data/law_open_guides_md/조세심판원_특별행정심판례_본문_조회.md,https://open.law.go.kr/LSO/openApi/guideResult.do?htmlName=specialDeccTtInfoGuide,http://www.law.go.kr/DRF/lawService.do?target=ttSpecialDecc,direct,조세심판원 대표 가이드 구조를 기준으로 특별행정심판 계열 API를 정규화했습니다.
해양안전심판원 특별행정심판례 목록 조회,special,해양안전심판원_특별행정심판례_목록_조회.md,/mnt/data/law_open_guides_md/해양안전심판원_특별행정심판례_목록_조회.md,https://open.law.go.kr/LSO/openApi/guideResult.do?htmlName=specialDeccKmstListGuide,http://www.law.go.kr/DRF/lawSearch.do?target=kmstSpecialDecc,pattern,조세심판원 대표 가이드 구조를 기준으로 특별행정심판 계열 API를 정규화했습니다.
해양안전심판원 특별행정심판례 본문 조회,special,해양안전심판원_특별행정심판례_본문_조회.md,/mnt/data/law_open_guides_md/해양안전심판원_특별행정심판례_본문_조회.md,https://open.law.go.kr/LSO/openApi/guideResult.do?htmlName=specialDeccKmstInfoGuide,http://www.law.go.kr/DRF/lawService.do?target=kmstSpecialDecc,pattern,조세심판원 대표 가이드 구조를 기준으로 특별행정심판 계열 API를 정규화했습니다.
국민권익위원회 특별행정심판례 목록 조회,special,국민권익위원회_특별행정심판례_목록_조회.md,/mnt/data/law_open_guides_md/국민권익위원회_특별행정심판례_목록_조회.md,https://open.law.go.kr/LSO/openApi/guideResult.do?htmlName=specialDeccAcrListGuide,http://www.law.go.kr/DRF/lawSearch.do?target=acrSpecialDecc,pattern,조세심판원 대표 가이드 구조를 기준으로 특별행정심판 계열 API를 정규화했습니다.
국민권익위원회 특별행정심판례 본문 조회,special,국민권익위원회_특별행정심판례_본문_조회.md,/mnt/data/law_open_guides_md/국민권익위원회_특별행정심판례_본문_조회.md,https://open.law.go.kr/LSO/openApi/guideResult.do?htmlName=specialDeccAcrInfoGuide,http://www.law.go.kr/DRF/lawService.do?target=acrSpecialDecc,pattern,조세심판원 대표 가이드 구조를 기준으로 특별행정심판 계열 API를 정규화했습니다.
인사혁신처 소청심사위원회 특별행정심판재결례 목록 조회,special,인사혁신처_소청심사위원회_특별행정심판재결례_목록_조회.md,/mnt/data/law_open_guides_md/인사혁신처_소청심사위원회_특별행정심판재결례_목록_조회.md,https://open.law.go.kr/LSO/openApi/guideResult.do?htmlName=specialDeccAdapListGuide,http://www.law.go.kr/DRF/lawSearch.do?target=adapSpecialDecc,direct,조세심판원 대표 가이드 구조를 기준으로 특별행정심판 계열 API를 정규화했습니다.
인사혁신처 소청심사위원회 특별행정심판례 본문 조회,special,인사혁신처_소청심사위원회_특별행정심판례_본문_조회.md,/mnt/data/law_open_guides_md/인사혁신처_소청심사위원회_특별행정심판례_본문_조회.md,https://open.law.go.kr/LSO/openApi/guideResult.do?htmlName=specialDeccAdapInfoGuide,http://www.law.go.kr/DRF/lawService.do?target=adapSpecialDecc,direct,조세심판원 대표 가이드 구조를 기준으로 특별행정심판 계열 API를 정규화했습니다.
감사원 사전컨설팅 의견서 목록 조회,special,감사원_사전컨설팅_의견서_목록_조회.md,/mnt/data/law_open_guides_md/감사원_사전컨설팅_의견서_목록_조회.md,https://open.law.go.kr/LSO/openApi/guideResult.do?htmlName=baiPvcsListGuide,http://www.law.go.kr/DRF/lawSearch.do?target=baiPvcs,direct,
감사원 사전컨설팅 의견서 본문 조회,special,감사원_사전컨설팅_의견서_본문_조회.md,/mnt/data/law_open_guides_md/감사원_사전컨설팅_의견서_본문_조회.md,https://open.law.go.kr/LSO/openApi/guideResult.do?htmlName=baiPvcsInfoGuide,http://www.law.go.kr/DRF/lawService.do?target=baiPvcs,direct,
